minlp_time,lp_time,misoc_time
155.47,3.18,7.21
235.05,3.13,10.41
236.35,2.78,10.14
705.01,2.97,6.96
342.48,2.8,41.68
322.16,2.91,7.08
301.78,2.86,8.19
320.54,2.64,7.85
139.66,2.83,11.28
166.34,3.28,10.05
367.27,2.97,14.81
125.92,2.7,12.34
662.01,3.15,9.94
852.99,2.79,14.63
281.77,2.93,34.66
249.45,2.68,8.3
202.78,2.98,7.96
190.34,2.93,7.48
263.75,2.78,7.59
301.55,2.82,7.26
259.61,3.09,7.0
115.31,2.85,15.85
857.26,2.77,22.82
296.72,3.02,7.11
157.06,3.28,7.96
662.64,3.24,12.15
169.86,3.17,10.55
176.78,2.93,9.53
300.42,2.72,8.02
259.23,2.67,6.72
204.85,3.22,9.05
151.21,2.94,7.13
172.11,3.01,7.87
154.13,3.35,7.74
208.54,2.84,7.84
137.99,2.84,7.96
145.91,3.1,12.6
271.95,2.66,23.38
454.91,3.31,10.28
262.71,2.71,41.62
193.75,3.31,32.97
768.77,2.43,6.79
118.96,2.76,53.25
277.97,3.15,7.29
229.55,2.97,10.44
217.82,2.7,8.11
252.7,3.25,27.24
261.87,3.36,7.76
162.57,3.1,14.77
526.77,2.86,27.39
735.9,2.96,6.94
216.67,2.97,6.64
347.42,2.81,8.08
303.4,2.89,7.65
312.14,2.78,7.53
119.8,2.79,14.05
323.46,3.18,12.8
328.74,2.75,7.62
369.46,3.31,10.84
733.44,2.71,9.22
158.81,3.03,6.79
246.8,2.78,10.24
969.09,2.71,26.07
296.12,2.67,8.68
325.93,2.99,26.08
226.19,3.12,8.17
263.42,3.06,7.56
318.4,3.04,8.29
374.5,2.69,247.07
194.47,2.77,9.95
192.08,2.73,736.0
821.91,2.58,56.04
277.75,3.13,8.53
265.38,2.87,27.9
915.77,2.94,11.77
409.21,3.29,36.35
811.89,2.8,7.17
238.93,2.96,6.67
276.45,3.21,8.9
265.23,2.74,35.4
179.44,2.78,43.33
149.68,2.91,7.96
130.45,3.08,25.32
386.26,2.82,10.3
427.32,2.72,20.65
241.06,2.65,16.45
153.28,3.0,9.54
823.26,2.56,9.23
112.44,3.03,8.91
314.67,2.76,24.71
196.78,3.05,11.75
192.4,2.87,11.3
179.16,3.17,7.04
255.32,3.06,10.86
996.22,3.27,10.89
443.78,3.09,14.05
262.87,3.58,38.62
260.54,3.08,14.27
241.72,2.73,41.15
360.6,2.75,11.48
336.31,2.6,8.42
245.32,2.73,9.4
253.36,2.85,8.14
321.7,2.58,7.84
300.99,3.06,7.11
179.95,2.62,13.69
172.13,2.86,26.08
385.37,2.78,7.96
410.51,2.54,21.37
645.17,2.66,37.43
966.79,2.74,7.36
195.43,2.96,8.35
203.45,2.85,7.72
732.22,3.13,28.48
203.09,2.69,8.69
144.87,3.14,9.02
405.34,2.84,12.36
433.51,2.94,6.75
265.32,2.75,12.97
331.75,3.14,8.78
242.55,2.89,10.36
252.09,2.71,23.03
298.24,2.81,11.55
247.54,2.79,21.59
724.79,3.13,7.75
534.86,3.41,10.62
283.51,2.58,13.46
268.92,2.87,14.09
336.17,2.95,13.12
149.61,3.03,10.11
169.33,3.18,7.74
290.42,2.75,37.32
263.42,3.01,7.39
364.48,2.67,8.5
298.95,2.85,55.75
313.17,2.84,39.48
714.18,3.33,7.19
645.21,2.86,13.49
248.73,2.95,47.69
177.07,2.91,39.5
344.06,2.79,32.25
234.93,2.67,23.72
285.5,2.86,7.0
995.03,3.14,7.48
666.54,2.94,10.05
210.02,3.02,14.06
773.6,3.09,173.79
356.77,3.0,8.19
221.99,2.96,25.98
310.15,2.81,8.18
210.15,2.81,6.72
293.39,2.94,8.31
167.74,2.51,7.55
655.11,3.05,9.55
359.79,3.17,8.4
333.13,3.02,6.94
291.52,2.73,8.64
575.14,2.63,27.63
234.21,2.76,8.2
297.96,2.87,8.0
198.7,3.07,6.94
769.96,3.01,7.25
881.2,2.73,41.65
259.35,2.8,11.42
212.96,2.67,11.17
232.94,2.99,7.41
179.96,2.95,12.37
259.49,2.78,13.25
231.45,2.93,7.62
330.23,3.04,42.45
772.04,3.26,11.06
123.7,2.91,8.1
123.34,2.98,8.74
488.45,3.14,11.67
577.94,2.81,7.98
275.23,2.79,26.19
253.02,2.76,38.93
274.9,3.02,12.21
224.07,3.12,11.14
270.34,3.02,8.65
369.52,2.98,7.49
176.51,2.84,9.33
452.02,3.22,11.12
140.7,3.09,9.17
151.97,2.78,8.14
470.73,2.9,7.66
685.79,2.92,7.71
558.88,3.04,22.61
921.42,3.35,10.19
1000.18,2.88,9.79
313.44,3.16,10.94
609.2,2.8,12.12
296.53,3.21,9.99
206.45,2.8,11.26
310.71,2.69,29.44
403.08,2.99,8.15
295.73,2.88,6.76
226.9,2.78,8.95
474.74,3.02,7.39
244.41,3.06,12.25
147.18,2.9,8.13
254.57,2.94,10.62
223.93,2.7,8.15
408.65,3.18,8.75
216.48,2.65,42.4
142.67,3.0,38.96
186.81,2.8,22.29
281.96,2.69,7.82
281.96,2.93,14.94
328.13,2.83,7.38
361.43,2.92,10.61
729.12,2.83,45.46
135.09,2.84,8.22
262.6,2.55,34.44
476.0,2.99,40.29
846.59,3.15,12.64
143.77,2.77,7.47
334.6,3.01,26.74
140.08,2.85,8.11
124.07,2.76,11.65
819.0,3.02,11.39
306.64,3.01,25.64
420.98,2.83,8.51
364.54,2.92,11.3
314.26,3.08,26.13
465.21,2.66,8.96
545.69,2.8,8.66
354.16,3.03,13.24
978.71,2.92,8.15
224.87,2.96,10.52
150.78,3.43,9.16
235.54,3.02,7.84
226.55,2.6,22.12
111.21,2.67,17.58
412.09,2.71,7.12
733.01,2.95,7.73
878.36,2.82,8.15
149.49,2.89,7.15
413.45,3.02,7.92
291.34,2.9,9.02
415.0,3.06,7.55
294.43,2.63,8.9
116.36,2.5,8.67
306.16,3.04,37.94
449.15,3.09,9.23
216.41,2.99,8.45
328.53,3.11,10.5
344.18,2.91,31.02
245.73,2.97,7.65
345.26,2.84,7.97
203.76,2.73,29.08
124.88,2.73,20.87
235.72,2.73,10.56
238.65,2.8,8.37
191.05,2.98,43.13
106.68,2.79,36.2
231.68,2.88,7.6
810.96,2.86,15.0
225.97,3.07,6.8
182.73,2.73,8.23
148.66,2.78,7.8
299.15,2.7,10.16
299.07,2.88,33.02
272.33,2.62,7.37
138.62,2.81,8.94
317.61,2.83,8.56
884.7,2.95,8.09
293.94,2.6,38.66
308.81,3.11,9.04
149.28,2.8,8.16
188.44,2.76,7.59
329.81,2.69,29.11
188.97,2.85,10.63
364.63,2.94,8.68
285.92,2.64,11.43
253.4,3.12,12.06
136.63,2.78,10.42
402.14,3.0,10.78
267.91,3.0,44.54
168.61,3.14,7.41
253.99,2.67,12.58
236.2,3.0,7.68
958.58,2.63,30.64
271.61,2.95,9.53
733.0,2.93,13.61
143.01,2.9,14.37
218.88,2.85,39.01
209.23,3.01,39.51
291.81,2.94,11.24
337.55,3.24,43.71
150.4,3.17,10.81
141.42,2.51,29.33
207.13,2.56,8.9
672.56,2.6,9.85
162.46,3.06,11.58
332.66,2.94,7.37
279.53,3.27,13.22
283.99,2.86,8.83
228.91,3.42,7.44
488.73,2.84,15.11
267.79,2.97,20.56
169.64,2.69,32.11
301.74,3.1,39.78
184.59,2.96,11.09
318.74,2.82,14.59
216.22,2.82,12.26
410.17,2.63,8.08
273.98,3.04,12.04
830.02,2.75,6.45
271.58,2.86,8.1
181.44,2.97,17.7
131.92,2.88,8.53
137.81,3.1,8.04
310.31,2.81,12.12
293.38,3.03,11.94
420.98,2.86,9.35
129.67,2.7,8.87
391.51,2.74,8.75
942.88,3.11,14.08
316.34,2.96,17.53
203.27,2.77,10.31
199.82,2.79,12.81
278.29,3.31,7.85
407.42,2.59,36.14
192.36,3.1,7.9
254.64,2.77,30.6
294.49,3.01,7.47
119.66,2.73,13.55
151.98,2.88,9.13
319.93,3.17,12.19
573.59,3.13,13.06
145.02,2.78,31.36
218.04,2.95,12.92
439.81,3.11,45.09
107.76,2.78,13.22
286.1,3.41,8.67
97.58,2.51,7.37
307.08,2.86,7.75
317.47,3.09,8.64
257.11,2.95,7.04
425.48,2.93,6.97
127.87,2.72,9.43
167.29,2.97,7.4
218.15,2.93,10.81
596.73,3.2,12.42
236.22,2.86,14.13
144.76,2.83,39.22
154.49,2.69,6.9
247.51,2.65,8.39
256.4,2.86,7.0
271.19,3.16,28.92
277.75,2.9,11.15
193.92,2.81,8.56
141.01,2.71,7.19
234.6,2.53,34.17
155.82,2.73,7.47
342.12,2.79,10.29
301.98,2.79,9.36
203.07,3.0,7.73
544.71,2.75,7.29
192.64,2.76,28.36
153.19,2.57,32.66
245.4,3.02,11.19
725.49,3.0,42.9
350.65,2.74,9.14
417.92,2.95,10.29
210.02,3.03,8.26
261.66,3.09,12.9
221.37,2.86,10.98
168.01,2.71,7.73
196.7,2.84,7.68
360.81,2.81,8.14
148.28,3.08,12.23
247.42,2.81,8.29
207.93,3.1,36.43
191.24,2.64,7.1
950.82,2.85,28.98
155.02,3.1,24.73
229.33,2.96,10.75
255.77,3.33,7.44
113.21,2.76,10.78
411.12,3.11,7.15
863.31,2.69,36.61
797.69,2.88,7.83
470.37,2.91,11.73
225.17,3.16,48.21
178.0,2.91,7.72
172.09,2.98,27.06
205.91,3.1,8.88
161.65,2.63,22.82
267.39,2.91,7.49
306.45,2.73,15.52
295.66,3.13,30.57
118.3,2.81,7.4
136.04,2.8,24.98
241.44,2.73,14.92
595.37,2.78,7.96
283.96,3.04,9.45
370.51,2.88,8.16
346.56,2.81,8.88
501.43,2.84,24.27
471.36,2.75,10.61
174.8,2.64,11.08
257.82,3.18,40.36
146.68,2.58,31.14
299.27,2.83,9.79
267.08,3.08,8.28
159.9,2.92,11.35
130.61,3.0,26.03
249.01,2.88,24.28
267.57,3.09,37.15
170.82,3.28,35.33
303.23,3.39,13.49
992.39,2.9,7.16
134.49,2.66,33.61
178.14,2.89,8.49
187.68,2.81,25.58
140.83,2.96,11.26
138.57,3.27,11.08
161.87,2.97,46.86
147.49,3.13,7.87
257.28,3.04,11.1
327.21,3.09,741.11
330.89,2.98,9.1
368.86,2.88,7.78
260.53,2.6,23.67
317.02,3.16,50.44
240.64,2.94,9.03
146.43,2.6,25.88
304.67,2.69,47.9
138.69,2.91,7.49
166.9,2.86,34.81
307.95,2.63,46.61
128.18,3.06,7.87
188.02,2.59,38.53
286.05,2.79,12.09
282.1,2.91,22.92
216.75,3.15,13.22
178.11,3.14,11.35
259.06,2.74,20.98
311.91,3.38,11.03
231.64,2.51,23.16
342.69,2.87,7.57
377.5,2.77,9.23
198.23,2.9,38.27
294.74,2.8,9.28
340.68,3.12,7.7
247.09,2.94,11.69
486.16,2.9,9.59
130.67,2.72,14.65
130.06,2.84,11.51
764.12,2.68,522.84
281.24,2.76,39.63
149.38,3.11,50.98
328.81,2.67,24.5
567.47,2.8,34.94
55.11,3.18,10.22
123.62,2.94,12.34
271.6,2.74,29.84
163.24,3.06,50.13
4.91,3.23,7.23
149.32,2.67,21.69
274.37,3.1,11.59
156.1,2.91,27.34
687.17,2.93,6.82
141.5,2.76,13.64
121.45,3.2,13.1
149.92,2.76,9.73
92.96,2.73,13.38
334.24,2.73,77.75
275.6,2.8,28.84
228.06,3.03,13.03
253.83,3.11,12.12
242.16,2.52,10.29
174.54,2.63,8.81
166.09,3.22,9.65
244.03,2.84,34.94
469.92,3.04,46.06
158.97,2.85,14.99
311.8,2.59,24.2
151.75,3.0,33.4
107.6,3.15,142.68
404.41,2.98,11.97
132.37,2.97,10.3
256.56,2.79,125.91
164.22,2.63,10.1
418.89,3.02,11.56
285.75,3.38,9.58
251.0,3.31,10.07
124.84,2.81,29.16
144.62,2.74,9.91
108.32,2.56,10.54
132.06,2.88,9.26
135.07,3.18,14.17
272.7,2.9,9.45
138.93,2.8,9.61
141.51,2.81,23.52
299.85,2.55,42.47
282.41,2.77,26.09
136.34,3.11,8.77
276.2,2.94,11.53
118.1,2.72,12.64
216.77,2.68,26.22
230.15,2.9,42.47
231.62,2.64,10.27
262.34,3.09,27.66
143.25,2.83,10.83
264.7,3.07,14.7
637.67,2.99,11.78
613.13,3.17,38.96
299.59,3.01,27.1
355.79,2.74,61.77
151.4,2.85,10.65
261.13,3.06,40.3
411.43,3.69,8.4
140.1,2.67,14.01
377.91,2.77,30.83
13.56,2.81,9.36
215.16,3.04,37.18
86.29,3.34,8.55
165.65,2.78,11.05
319.14,2.8,9.94
266.51,3.13,6.2
662.25,2.87,35.53
230.19,2.82,10.55
179.42,2.75,30.75
158.37,3.04,11.82
235.22,2.94,10.57
669.82,3.13,15.52
170.67,3.1,47.78
194.57,2.84,11.15
160.45,2.75,10.25
223.09,2.69,10.64
139.31,2.86,6.84
140.38,2.87,32.07
113.62,2.7,7.64
438.12,2.68,10.04
292.43,2.86,24.13
166.57,2.68,119.98
251.88,2.78,7.43
291.01,3.18,31.83
198.47,3.03,39.51
370.48,2.62,24.0
233.99,2.9,10.66
276.09,2.82,8.9
124.19,2.79,10.72
605.67,3.04,12.85
255.08,2.88,33.62
809.33,2.98,11.51
307.0,3.11,9.08
242.56,2.62,24.97
292.09,3.04,28.44
259.25,2.96,84.75
235.65,2.87,9.74
156.75,2.91,28.08
259.66,2.62,8.12
124.42,2.88,6.59
257.42,2.79,12.38
157.62,3.07,33.42
284.66,2.89,15.0
407.8,3.28,12.31
131.3,2.78,12.09
316.63,2.78,928.8
289.51,3.36,384.02
173.3,2.99,28.8
156.01,3.3,11.32
213.29,2.95,8.04
477.18,3.06,39.7
352.91,2.67,67.29
189.88,3.15,8.02
246.63,2.88,12.86
242.56,2.86,27.84
222.76,3.08,7.22
157.0,2.86,12.08
170.85,2.81,13.09
362.21,2.65,25.42
120.05,2.99,40.0
262.68,2.94,32.76
231.56,2.88,8.92
741.26,2.73,26.76
343.5,2.6,8.72
351.79,3.03,35.12
153.23,3.06,26.16
105.7,2.75,9.56
734.98,3.51,11.53
652.47,2.86,8.47
192.12,2.76,27.29
975.99,3.09,9.89
245.98,2.62,22.03
450.56,3.12,32.16
198.95,2.85,10.66
161.18,3.38,24.36
141.4,2.84,9.9
155.0,2.74,13.33
250.89,2.74,8.13
244.65,3.01,8.83
318.39,2.81,9.8
151.28,2.97,8.54
230.95,2.65,10.43
115.41,2.81,50.62
107.11,2.97,46.84
245.84,2.73,34.66
156.82,2.73,43.52
110.34,3.07,22.55
129.31,3.37,12.16
418.09,3.07,31.5
153.01,2.79,37.82
116.95,2.66,12.0
194.44,2.94,22.76
238.8,3.03,35.23
456.69,2.99,12.91
668.56,2.94,13.7
278.66,2.79,9.22
262.99,2.76,44.52
291.61,2.76,11.92
142.48,2.8,35.06
159.92,2.75,24.43
157.42,2.98,11.64
221.33,2.76,11.05
546.54,2.72,27.16
128.09,2.81,7.76
246.18,2.57,10.45
276.16,2.77,20.82
139.48,3.0,15.51
207.51,2.8,29.11
147.7,2.73,18.83
130.44,3.07,15.75
121.52,2.67,29.14
863.02,2.57,34.21
659.48,2.9,12.2
140.14,2.84,56.51
218.17,3.46,8.85
132.01,2.75,9.67
118.73,2.66,137.85
129.81,3.08,12.38
307.39,2.71,10.82
136.8,2.95,9.83
210.0,3.88,38.58
133.62,2.82,13.45
191.58,2.82,28.63
151.82,2.71,35.65
255.66,3.13,13.31
318.5,2.86,39.41
329.58,3.09,21.71
392.03,3.07,13.4
169.03,2.69,9.56
301.43,2.6,14.36
283.96,2.88,12.05
834.45,2.74,21.34
288.52,2.75,13.99
395.41,3.01,16.51
128.29,2.81,47.47
176.73,2.74,36.5
368.72,3.36,9.06
254.82,2.77,31.07
150.25,2.71,37.39
153.81,3.37,26.36
143.66,2.93,14.69
352.63,3.15,10.77
264.82,2.6,42.59
245.64,2.74,10.7
726.96,2.92,7.03
4.24,2.73,39.79
359.14,2.77,27.5
136.24,3.42,44.54
177.81,2.86,15.77
933.34,3.3,32.34
8.66,2.92,28.33
245.13,2.81,10.22
180.13,2.62,29.49
256.85,2.84,11.42
160.7,3.19,58.2
205.8,2.6,8.28
256.18,2.93,14.8
132.11,3.02,28.78
307.57,3.34,13.97
840.02,3.0,667.29
278.22,2.85,11.45
129.57,2.82,33.45
122.85,2.88,29.67
171.47,2.87,19.75
112.69,3.05,14.11
276.32,2.83,7.6
174.09,2.93,13.73
169.95,2.92,13.93
665.49,2.91,9.85
199.94,3.16,10.84
369.8,2.79,31.28
138.11,3.26,11.64
282.49,3.17,9.63
304.62,2.83,29.56
318.04,2.98,30.3
134.15,3.08,11.41
282.43,2.83,14.27
431.9,2.81,26.73
690.01,2.6,12.71
305.52,2.69,8.53
140.43,2.86,10.76
188.38,2.64,44.48
317.38,2.98,12.24
139.82,3.26,12.57
295.91,2.99,11.43
294.29,3.02,27.62
349.76,3.03,9.77
360.86,3.04,8.05
175.97,2.59,38.95
280.76,2.84,11.82
261.74,2.72,10.53
209.86,2.96,13.98
287.65,3.25,12.57
248.84,2.77,31.87
263.71,2.7,24.89
278.42,3.44,12.68
593.88,2.87,11.52
309.98,2.84,6.85
231.48,2.83,50.53
951.54,2.97,17.48
152.42,2.88,55.48
229.98,2.72,22.11
267.25,3.24,8.71
643.99,2.62,25.42
296.68,2.82,19.6
274.63,3.2,9.39
155.68,2.72,39.2
391.01,2.93,8.39
153.55,3.12,13.78
132.76,2.88,25.2
139.26,2.98,7.89
131.33,3.0,31.0
278.2,2.73,9.45
254.56,3.04,14.66
635.13,2.98,10.62
156.68,2.82,9.65
280.13,2.99,6.82
293.79,3.21,32.88
247.01,2.96,15.0
137.41,2.88,15.86
344.6,2.84,14.22
256.84,3.02,46.72
145.62,2.88,8.04
250.23,2.84,23.98
5.87,2.83,8.67
139.75,2.76,11.19
142.2,2.75,41.13
169.23,2.83,13.83
127.91,2.86,42.86
297.25,3.08,8.2
365.26,2.93,29.13
305.54,2.81,7.96
247.34,2.94,13.4
220.82,3.12,27.31
866.93,3.23,7.58
255.28,2.83,13.89
203.74,3.24,16.69
140.74,2.74,11.75
134.9,3.06,45.14
708.41,2.93,11.54
154.51,2.77,7.87
137.81,2.89,13.66
196.64,2.87,30.3
111.7,2.76,53.02
207.56,2.86,31.25
242.43,3.19,31.55
175.46,2.76,12.76
207.0,2.84,39.97
124.98,2.57,10.4
299.14,3.07,8.09
314.29,2.86,21.44
257.81,3.22,10.69
286.55,3.2,9.19
705.6,2.91,26.22
284.39,2.88,29.71
124.33,3.55,32.8
172.92,2.8,21.31
282.16,2.76,8.25
150.39,3.25,7.0
118.26,2.77,15.03
246.91,2.81,10.77
320.26,3.14,11.43
308.32,2.73,26.91
451.48,2.6,12.92
356.6,2.61,10.01
364.13,2.99,764.6
315.26,3.34,12.13
265.11,3.07,27.43
165.24,2.76,23.49
243.77,3.18,9.9
254.17,2.69,8.74
130.3,2.93,9.26
242.88,2.69,7.24
265.86,2.82,28.27
324.55,2.88,9.87
152.85,3.3,17.39
137.57,3.18,10.3
1000.27,3.11,10.82
128.97,2.85,7.04
170.19,2.62,18.71
192.68,3.02,14.21
118.88,2.96,13.19
233.14,3.2,11.95
541.4,3.16,28.77
249.99,2.7,21.9
172.29,3.13,28.75
330.88,2.62,36.03
159.13,2.99,10.15
186.5,2.8,27.2
182.23,2.97,8.26
246.77,3.35,14.51
267.57,2.68,10.01
126.2,2.93,10.61
218.31,3.63,12.91
162.1,2.98,23.03
282.01,3.07,11.24
209.79,3.2,8.94
286.48,3.42,13.01
259.01,3.04,33.78
149.93,2.92,10.94
324.67,3.12,13.92
166.0,2.74,7.77
286.72,2.69,7.32
793.56,2.99,9.49
284.84,2.78,45.17
281.47,2.96,13.48
183.05,3.14,11.21
237.65,2.86,10.68
247.75,2.78,11.1
444.46,2.88,11.9
151.64,3.12,23.97
228.67,2.77,9.3
119.38,2.72,14.83
170.12,2.53,8.52
181.84,3.3,8.0
189.59,2.9,11.89
248.92,3.14,38.55
101.57,2.81,39.94
319.22,2.74,7.21
982.02,2.93,11.5
147.84,3.34,11.6
590.38,3.12,8.53
276.04,2.63,8.43
673.01,2.82,41.38
218.98,2.79,10.68
149.64,2.71,15.98
329.73,2.63,9.98
204.34,2.77,27.7
260.38,2.51,32.63
164.5,3.42,36.46
151.55,2.9,9.11
308.6,2.93,24.27
263.2,2.85,11.89
244.26,2.66,10.79
223.06,2.88,28.62
258.92,2.95,10.33
186.47,3.17,12.62
170.22,2.75,13.47
146.75,2.89,11.73
343.64,2.87,11.92
308.43,2.97,37.97
146.5,2.76,27.76
119.47,2.81,30.14
218.73,2.83,8.12
130.34,3.24,11.63
99.94,3.11,11.44
164.74,3.68,25.63
319.8,3.13,8.19
155.51,3.04,34.47
102.07,2.96,25.32
115.86,2.82,50.12
137.55,3.03,28.54
66.37,3.4,7.08
89.38,3.11,25.1
109.9,2.74,7.07
124.46,3.09,31.29
89.32,3.11,16.1
186.39,3.27,14.76
77.43,2.78,36.4
87.02,3.13,37.36
241.84,2.69,9.81
876.51,3.33,31.96
602.02,3.01,31.46
276.53,3.18,10.53
92.33,3.11,37.47
101.16,3.45,37.73
121.25,3.38,7.34
140.97,2.8,42.06
92.6,3.28,7.59
108.88,3.47,7.82
119.87,2.81,10.35
139.4,2.82,37.11
130.82,2.94,7.64
141.21,2.83,12.53
124.23,3.03,10.68
319.7,2.69,12.44
118.43,3.23,969.64
5.07,3.07,7.71
216.75,2.88,27.5
125.6,3.04,12.68
120.98,3.14,7.34
117.38,3.2,42.31
106.99,2.85,31.46
250.3,3.35,6.57
67.38,2.99,47.9
202.83,2.83,17.94
70.08,2.93,19.22
89.77,2.87,26.18
95.95,3.2,15.93
702.93,3.16,38.68
96.18,3.26,27.05
124.05,3.24,34.6
103.89,3.36,17.49
117.27,3.14,9.67
105.97,3.4,9.05
128.33,2.89,30.8
807.67,3.03,24.27
11.41,3.07,10.43
84.69,3.03,7.94
96.77,3.54,960.79
112.4,2.99,24.24
54.09,3.11,38.23
744.59,3.33,41.75
105.68,3.0,38.49
102.94,3.63,9.85
68.33,2.91,37.01
110.85,2.57,25.59
241.07,2.88,10.58
375.68,2.84,35.07
246.07,2.86,21.46
345.51,3.12,7.42
119.5,3.11,770.23
108.63,2.95,8.17
100.69,3.15,23.09
151.22,3.76,30.67
4.44,3.51,30.5
105.51,3.06,26.7
77.25,3.4,30.86
6.21,3.0,30.67
116.02,2.82,28.28
178.33,3.46,26.87
109.41,3.39,8.62
165.56,2.98,6.51
96.59,3.55,9.8
107.99,2.86,28.25
114.93,3.21,36.42
104.98,3.15,28.14
109.72,3.06,32.93
156.16,2.97,27.02
107.55,3.4,21.9
118.54,2.99,9.74
92.55,3.1,55.96
333.55,2.8,57.19
130.81,3.45,727.62
111.29,3.18,7.54
248.28,3.51,49.5
109.36,3.15,9.59
97.39,3.02,7.86
4.96,3.08,10.81
131.49,3.11,10.04
93.67,2.85,24.16
135.9,2.9,32.33
7.22,2.79,37.7
246.57,3.13,37.49
484.29,3.46,15.58
207.45,3.03,10.12
102.48,3.21,35.06
108.19,3.21,33.24
223.82,3.07,10.46
123.18,3.09,8.53
158.85,3.49,10.79
348.73,3.06,9.5
170.79,2.85,30.72
93.92,3.21,11.99
97.88,3.2,24.33
127.52,2.75,7.97
4.9,2.69,26.19
140.12,3.08,10.25
119.12,3.03,32.62
110.61,3.17,9.5
157.64,3.23,29.28
276.65,2.91,33.68
266.39,3.05,567.91
6.89,3.12,8.89
118.0,2.93,58.14
73.92,3.23,26.43
144.48,3.19,9.7
130.04,3.1,22.72
313.68,3.76,8.06
100.26,3.05,8.52
130.53,2.91,278.72
208.07,3.02,771.91
101.36,2.9,24.86
118.03,2.9,31.98
130.02,3.3,10.38
295.76,3.2,11.65
250.85,2.97,7.48
123.17,2.79,681.83
114.36,3.03,23.28
219.56,3.07,36.51
195.51,3.23,11.77
229.64,2.75,12.6
103.18,3.13,10.65
95.79,2.93,10.54
137.77,2.91,10.88
258.82,3.18,41.8
135.96,3.36,36.04
36.13,3.14,31.77
108.89,3.02,27.32
162.96,3.05,10.26
4.32,3.0,33.4
123.71,2.98,29.53
201.03,2.86,7.17
99.76,3.09,7.14
91.27,3.15,27.04
101.8,3.07,32.01
145.86,3.29,7.83
149.9,3.11,9.7
100.57,3.13,9.35
4.54,2.8,24.01
111.55,2.9,9.02
92.51,2.79,37.82
199.13,3.07,34.11
141.82,2.74,10.25
10.31,2.98,29.79
132.4,2.97,23.98
78.75,2.94,28.69
239.15,2.92,29.73
113.24,2.61,29.12
118.5,2.84,8.07
219.02,3.45,39.67
90.51,2.89,590.29
98.06,3.21,9.03
98.31,3.0,32.07
83.62,2.83,11.49
114.35,3.19,8.63
160.84,3.1,23.24
104.25,2.87,28.6
113.41,3.09,10.81
33.02,3.27,27.44
105.57,2.99,31.95
112.16,2.86,937.77
124.76,2.82,12.35
88.67,3.42,30.79
209.9,2.86,7.94
147.2,2.87,9.3
144.81,3.78,31.6
6.52,2.92,10.04
345.19,2.93,15.99
215.09,2.87,9.16
109.6,3.1,8.28
212.5,3.08,8.39
4.51,3.17,37.03
118.17,2.96,33.68
183.6,2.97,8.02
92.89,3.43,13.09
88.6,2.97,42.85
248.27,3.28,8.76
187.09,3.28,11.77
216.04,3.43,37.15
225.89,2.89,34.82
172.51,2.72,42.88
155.47,2.85,23.4
246.85,3.05,8.96
115.55,3.12,12.77
495.23,2.95,14.22
123.53,2.88,13.67
120.33,2.9,36.72
96.96,3.15,6.68
135.68,3.16,27.3
107.39,3.02,8.3
142.61,3.06,10.06
429.43,3.28,59.26
234.64,2.87,18.55
140.26,2.79,33.84
127.18,3.24,10.93
218.83,3.01,7.58
902.26,2.96,34.49
100.28,3.43,15.95
126.48,2.94,23.52
100.39,2.92,7.55
146.41,3.13,23.08
151.33,2.76,11.63
158.78,2.86,24.75
226.87,3.24,9.43
83.38,3.13,8.16
112.41,3.19,7.86
257.28,3.02,837.63
129.93,3.07,26.97
165.83,3.06,31.26
122.95,2.84,729.79
154.73,3.41,7.67
235.73,2.81,11.73
120.67,2.9,8.19
122.3,3.15,7.32
359.57,2.92,7.7
129.2,3.09,6.89
4.38,3.04,6.76
104.96,3.52,13.78
306.52,2.86,26.91
54.17,2.71,76.54
134.2,2.99,28.85
91.7,3.2,10.16
166.35,3.03,9.0
104.96,3.04,22.75
188.25,2.75,8.5
123.63,3.3,11.01
143.13,2.94,9.98
268.19,2.72,32.48
313.56,3.03,9.33
403.65,3.21,29.15
291.47,3.01,33.79
208.1,2.99,19.31
102.5,3.28,8.67
142.01,3.01,6.14
126.03,2.87,43.52
392.39,2.86,683.54
105.56,2.74,24.38
226.88,2.9,32.73
113.69,3.12,10.57
347.31,2.88,11.41
104.43,3.27,11.11
604.68,2.83,7.32
817.37,2.66,7.37
427.34,3.27,7.76
113.15,3.13,13.11
545.96,3.66,10.32
95.65,2.99,35.54
233.45,2.71,21.89
72.58,3.3,7.55
139.9,3.14,7.12
506.69,2.74,43.76
287.75,2.48,14.86
238.15,2.65,10.14
308.8,2.79,11.09
160.95,2.67,10.26
261.74,2.67,27.31
182.32,2.7,9.77
272.37,2.84,25.23
164.59,2.75,12.0
277.19,2.93,8.66
132.44,2.64,49.06
176.66,2.62,10.34
243.74,2.67,7.69
242.87,2.62,7.06
104.47,2.91,24.82
297.38,2.93,8.98
613.69,2.69,10.84
196.93,2.94,13.11
301.75,2.64,8.49
296.44,3.06,11.4
292.38,2.8,807.48
245.01,2.66,34.38
141.66,2.76,12.41
234.64,2.62,13.71
302.67,2.48,8.91
677.63,3.09,7.78
420.57,2.74,13.25
223.31,2.79,49.52
209.11,2.71,33.78
360.18,3.15,10.96
258.11,3.15,27.71
139.41,2.56,29.24
97.02,2.64,9.04
153.45,3.04,13.83
135.5,2.7,41.12
274.86,3.04,21.22
182.47,2.79,11.3
190.86,2.8,6.96
180.63,2.78,7.5
213.65,2.59,22.8
943.8,2.8,28.45
295.86,2.61,14.88
594.64,2.76,9.45
236.36,2.42,11.55
220.78,2.81,9.56
725.7,2.62,8.09
112.66,2.81,37.25
157.06,2.75,24.97
236.04,2.74,11.18
130.66,2.68,42.27
178.4,2.96,7.67
267.51,2.7,10.45
289.04,3.14,47.82
191.43,2.85,37.08
233.44,3.13,12.22
272.93,2.88,8.47
274.34,2.51,8.26
181.46,2.96,9.23
278.13,2.69,11.29
118.31,3.24,9.04
353.38,2.8,43.01
277.65,2.99,9.22
102.12,2.91,11.96
154.83,3.08,25.25
276.96,2.83,12.57
97.89,2.99,13.59
150.76,2.55,35.32
186.58,3.31,12.19
177.65,2.61,9.65
598.83,2.51,9.14
220.53,3.3,37.09
130.31,2.63,41.9
172.79,2.7,10.39
123.88,2.58,9.29
140.46,3.04,25.05
919.15,2.95,7.09
84.16,2.74,17.32
138.92,2.63,52.82
244.14,3.17,38.07
140.8,2.85,13.17
167.87,3.01,49.06
295.81,3.15,43.18
133.72,3.03,27.24
175.36,2.6,330.13
282.04,2.54,9.79
135.85,2.6,32.62
284.09,2.95,38.06
170.9,2.74,38.06
151.6,2.96,15.8
301.15,2.82,12.84
938.02,2.72,31.96
194.55,2.72,12.86
157.08,2.8,7.06
201.57,2.81,8.28
318.67,2.58,9.12
278.95,2.92,8.98
422.48,2.54,27.51
141.29,3.04,29.87
233.48,2.9,13.65
265.15,2.67,15.66
541.33,2.69,14.04
328.96,3.12,7.4
253.72,2.49,39.79
152.13,3.03,9.11
146.17,2.64,11.86
351.84,2.72,8.1
201.41,2.84,12.26
306.19,2.69,12.36
224.63,2.6,8.14
260.61,2.88,6.44
319.13,2.89,13.19
142.93,2.79,10.26
760.75,2.61,38.42
287.32,2.84,11.59
346.6,2.74,10.06
267.03,2.76,21.13
164.36,2.82,44.52
253.66,2.67,11.95
117.52,2.97,10.11
219.82,2.57,8.36
178.53,2.7,9.67
283.64,2.64,47.34
200.92,3.14,7.0
331.1,2.68,34.56
275.93,2.69,63.15
399.98,2.54,596.84
138.3,3.07,28.64
146.6,2.76,10.16
154.33,2.71,12.27
288.11,2.86,27.01
284.46,2.63,7.93
249.65,2.87,11.62
203.46,3.08,12.11
228.72,3.07,14.51
244.04,2.88,23.49
249.96,2.97,6.05
281.92,3.16,9.86
236.54,2.75,117.97
306.84,2.56,9.27
132.65,2.83,9.91
137.62,2.6,28.36
83.17,3.21,43.93
145.68,2.72,9.99
243.51,2.69,9.35
250.33,2.79,7.97
160.22,2.88,7.69
171.88,2.92,10.43
306.7,3.11,6.99
125.86,2.56,51.42
636.56,2.87,35.59
278.46,2.75,7.81
191.92,3.1,28.31
134.01,3.29,8.09
979.7,2.7,23.68
247.15,2.57,42.28
120.24,2.79,12.9
286.02,2.59,37.07
129.11,3.48,12.16
285.01,2.75,32.21
179.72,2.66,7.62
301.42,3.04,7.16
302.28,2.58,12.9
379.08,2.81,9.74
147.07,3.36,15.25
234.36,2.8,38.78
134.58,2.98,11.49
241.67,3.24,9.88
373.43,2.68,28.69
259.52,2.76,44.42
290.36,2.6,13.2
266.67,2.74,30.42
141.28,2.59,9.8
137.73,2.94,11.3
670.97,2.79,9.18
250.79,2.64,20.44
320.97,3.38,8.99
202.3,2.61,9.24
352.09,2.65,9.95
209.18,2.85,13.09
149.75,2.86,35.54
206.4,2.95,8.4
379.82,2.75,31.28
278.83,2.88,18.48
301.91,2.78,11.21
149.92,2.94,8.83
292.93,3.56,23.65
240.52,2.95,35.12
131.84,2.76,28.14
176.69,3.01,13.46
206.34,2.8,36.7
261.47,2.89,8.69
171.22,2.51,28.7
316.0,2.47,24.05
132.35,2.45,29.87
186.02,2.95,13.32
299.54,2.91,6.52
126.22,2.81,9.23
293.72,3.2,7.52
146.12,2.75,9.78
220.12,2.9,45.05
254.36,3.22,49.79
263.12,2.75,11.05
268.86,2.87,28.63
406.66,2.57,8.25
267.17,3.09,7.02
294.68,2.93,31.38
794.78,2.78,11.41
116.08,2.72,36.56
191.12,2.52,29.9
291.45,3.19,35.0
157.9,3.21,7.23
721.12,2.69,12.17
261.34,2.58,43.51
622.52,2.76,1001.29
172.57,2.8,11.45
151.86,2.7,7.36
420.91,2.67,11.9
722.63,2.67,27.64
610.55,3.14,33.47
265.51,2.86,22.65
239.34,2.68,8.44
133.12,2.66,9.74
152.58,2.91,9.23
223.36,2.62,9.12
257.22,2.76,9.12
342.76,3.12,7.56
341.25,2.86,6.95
241.58,2.74,96.83
258.81,2.97,42.8
845.56,2.82,10.44
248.6,2.93,22.13
229.79,3.18,44.96
235.37,2.65,48.74
307.23,2.57,6.89
845.48,2.69,9.37
278.2,3.45,8.53
381.1,3.19,10.07
343.41,3.08,7.21
274.68,2.81,16.7
138.38,2.88,7.74
240.54,3.0,27.41
190.04,2.69,9.67
252.35,2.55,12.23
431.17,2.69,9.01
184.7,2.57,43.37
264.07,2.7,7.33
1000.34,2.75,32.58
244.25,2.74,39.16
324.64,2.6,6.7
849.04,2.82,11.98
119.32,3.12,38.68
309.34,2.82,23.45
276.61,2.94,23.76
271.89,2.81,26.28
273.21,3.25,8.1
323.01,3.05,9.2
324.45,3.04,29.01
421.41,3.01,13.69
419.14,2.93,11.19
106.57,3.19,7.47
741.2,2.92,9.74
193.68,3.06,26.02
607.9,3.0,18.21
148.11,2.75,8.13
247.81,3.01,10.7
312.11,2.52,30.62
203.49,2.75,7.34
311.85,2.75,6.58
248.74,2.62,9.98
221.71,2.68,43.41
206.39,2.68,11.78
242.68,2.91,9.77
833.08,2.77,9.32
242.89,3.0,12.35
238.35,2.87,8.74
131.04,2.57,12.71
239.67,3.22,7.1
150.68,2.95,12.7
91.69,2.88,11.35
167.55,2.71,8.16
124.3,2.83,12.38
132.29,2.71,8.38
169.44,2.73,11.46
135.42,2.72,9.3
170.85,3.15,14.77
119.92,2.63,11.33
328.09,2.82,7.16
269.94,3.32,7.45
321.52,2.59,13.27
163.54,2.72,7.54
221.57,2.7,7.42
261.25,2.75,981.33
152.22,2.91,9.54
166.44,2.68,41.38
192.86,2.79,57.71
223.16,2.79,26.99
298.36,3.15,16.29
293.23,2.68,39.78
269.55,2.85,7.28
129.46,2.58,19.99
292.59,2.84,12.98
170.67,2.86,784.04
321.04,2.86,7.64
316.86,2.96,10.73
282.82,2.8,26.24
145.91,2.91,26.57
254.76,2.78,12.98
249.7,2.82,10.1
171.16,3.05,36.15
155.96,2.62,10.72
376.28,2.98,11.3
301.55,2.87,47.44
258.82,3.1,7.55
308.81,3.01,8.7
204.8,2.77,19.74
200.21,2.67,29.57
145.23,3.16,8.91
244.14,2.97,13.12
297.65,2.81,27.23
300.18,2.56,37.36
141.43,3.27,9.58
160.32,3.05,12.23
127.22,2.92,22.03
300.49,3.49,11.71
135.67,2.82,28.83
157.66,2.91,11.35
167.27,3.18,31.18
316.56,2.7,32.09
240.1,2.99,35.85
244.87,2.85,9.28
121.47,3.01,6.59
182.63,2.85,35.11
118.42,2.57,27.16
225.46,2.54,6.71
245.42,2.72,11.36
718.1,2.45,11.13
285.28,2.85,7.71
136.01,2.69,11.1
165.9,2.98,13.7
442.23,2.95,38.71
274.68,3.21,9.4
830.48,2.83,7.6
196.75,2.95,6.4
165.96,2.83,9.13
295.54,2.73,33.45
259.34,3.21,30.03
139.4,2.81,71.78
137.84,2.78,34.27
341.31,2.73,8.35
234.36,2.67,20.7
187.69,2.67,9.35
234.07,2.98,28.24
141.74,2.48,22.96
339.49,2.55,26.34
259.27,3.06,19.59
234.31,2.9,41.85
307.71,2.75,13.38
161.5,2.83,8.98
215.22,2.73,11.15
244.99,2.6,23.34
141.85,2.86,9.85
166.66,2.59,9.83
178.22,2.71,8.65
245.51,2.81,32.81
828.24,2.5,23.39
139.95,2.81,11.44
281.81,2.79,35.46
190.37,2.53,26.19
146.55,2.66,28.71
209.4,2.85,7.8
238.39,3.8,7.96
101.98,2.98,12.43
232.12,3.46,5.86
304.72,3.08,10.28
91.28,3.44,462.1
164.31,2.97,31.04
284.23,2.74,26.06
802.13,3.18,8.83
118.53,3.11,13.07
133.38,2.92,37.8
385.52,3.33,40.37
288.41,2.89,7.92
322.24,3.15,7.18
194.73,2.81,34.58
253.56,2.99,6.92
112.66,3.29,19.67
317.96,3.07,12.58
89.23,3.13,10.21
145.02,2.88,6.23
545.41,3.36,7.25
546.3,3.07,25.27
122.66,2.8,24.78
231.1,2.89,14.69
219.8,3.09,934.49
142.14,3.1,6.82
362.06,3.05,7.1
104.31,3.25,6.63
75.45,3.33,11.54
142.31,3.38,8.4
232.86,3.37,776.2
89.9,3.06,27.6
243.8,2.89,33.36
146.86,2.76,15.43
300.29,2.89,11.5
556.13,3.09,32.25
133.9,3.45,11.54
239.67,2.86,7.12
101.28,3.04,8.07
153.04,2.71,280.87
96.31,2.91,14.98
234.48,3.53,7.88
102.79,2.77,8.53
111.51,3.06,8.26
238.3,2.97,53.12
305.22,3.34,8.27
112.05,3.6,8.81
267.62,3.27,8.39
98.76,2.85,23.85
4.77,3.1,8.36
5.04,2.93,9.63
106.92,3.2,33.98
206.97,2.96,7.73
333.58,2.81,958.52
282.99,2.88,12.33
250.23,3.33,11.47
123.11,2.87,33.13
275.96,2.92,35.31
564.92,2.83,8.52
4.23,3.09,28.97
237.2,3.23,9.26
109.02,2.94,37.24
214.89,3.24,30.23
291.56,3.09,76.04
521.72,3.14,11.67
261.76,2.98,12.6
144.09,2.72,829.35
129.5,3.16,9.82
210.58,2.93,24.92
242.32,3.15,10.07
91.23,2.78,33.83
275.44,3.04,36.8
134.69,2.92,9.31
116.35,2.84,9.82
122.13,3.23,31.21
61.78,2.93,23.39
118.05,3.25,8.22
260.93,2.79,11.14
6.51,3.03,29.61
768.05,3.27,10.66
113.93,2.81,26.23
302.26,2.97,26.5
82.06,2.99,12.31
554.52,3.03,39.11
96.02,3.48,10.81
155.68,2.83,27.32
101.96,3.13,10.81
185.4,2.89,29.58
102.29,2.97,7.21
435.75,3.31,11.33
115.15,2.94,25.82
392.4,3.11,30.7
161.01,3.05,17.54
112.85,2.89,146.75
759.22,3.11,7.96
631.32,2.94,29.02
212.66,2.92,9.56
118.74,3.21,10.26
532.64,3.05,10.02
262.09,2.93,755.97
414.05,3.0,21.01
246.88,3.05,33.63
341.17,3.14,32.7
146.98,2.86,12.35
149.39,3.22,9.83
120.36,2.76,24.37
257.04,3.19,25.32
117.71,2.94,33.56
225.31,2.9,33.45
221.68,3.11,8.76
122.61,2.74,9.32
233.36,2.97,8.36
93.91,3.01,30.77
247.8,3.32,6.83
961.04,3.22,36.52
257.21,2.91,31.32
71.8,3.0,26.52
124.65,2.84,392.29
115.28,3.31,33.11
104.28,3.11,32.78
235.76,3.51,11.7
96.47,2.93,32.29
205.17,2.94,34.15
134.86,2.78,9.7
882.78,2.85,7.77
142.4,2.82,9.74
443.49,3.31,31.18
241.71,2.74,27.18
130.45,2.79,21.14
155.66,2.99,8.39
248.66,3.0,27.02
121.51,2.66,740.67
227.41,3.36,14.57
116.86,3.4,12.23
209.33,3.02,14.21
114.4,2.63,30.57
255.18,2.92,36.29
131.93,2.9,7.54
212.95,3.18,8.58
128.79,2.71,35.15
100.57,2.97,7.8
202.86,3.09,11.19
159.82,3.18,9.79
127.5,2.91,6.73
906.15,2.67,36.0
246.7,3.08,35.99
122.29,3.25,25.31
73.88,2.73,7.19
185.3,2.84,27.16
115.59,3.05,28.06
314.27,2.97,60.71
322.1,2.84,7.07
194.45,3.17,28.12
373.09,2.67,30.61
249.16,3.33,20.65
146.06,2.84,27.53
167.82,2.78,30.07
268.08,3.18,34.85
168.73,3.53,10.94
237.39,3.16,11.32
244.69,3.05,11.4
230.06,2.77,14.83
234.65,2.89,50.01
178.82,3.04,25.65
266.26,2.88,8.45
138.56,2.81,9.35
109.07,3.28,32.42
116.18,3.02,8.99
121.33,3.31,11.13
183.27,2.95,850.52
318.11,2.72,29.0
87.98,2.86,25.99
364.27,3.1,9.19
134.79,2.89,6.74
160.52,3.3,7.75
92.45,3.08,32.74
310.4,3.02,8.85
254.93,3.34,12.89
284.4,3.14,31.88
383.08,3.12,34.64
481.14,3.01,9.43
344.62,3.09,29.61
100.21,3.01,8.44
285.36,2.89,32.67
243.49,3.09,7.12
115.18,3.29,17.34
147.52,2.94,38.7
343.79,3.12,12.11
707.07,3.17,8.83
111.06,3.14,38.83
243.34,3.0,7.13
149.74,3.4,27.16
264.45,3.11,36.11
404.51,3.12,37.97
126.8,3.2,6.86
277.43,3.27,12.99
313.41,3.61,12.99
115.47,2.87,28.74
408.17,2.94,7.28
245.89,3.01,179.77
234.98,3.05,10.79
242.58,3.1,24.77
294.56,3.33,37.85
286.61,3.26,10.85
264.5,2.77,31.38
452.7,2.97,20.44
104.49,3.66,14.98
420.23,3.11,34.83
120.54,3.52,13.04
246.33,2.77,37.55
637.24,2.86,51.85
263.66,2.95,11.69
151.03,2.89,11.32
193.94,2.72,47.9
222.41,2.87,28.23
106.19,3.33,10.73
125.58,2.71,28.33
100.95,3.01,29.75
111.34,3.04,13.19
132.88,2.97,36.96
119.15,2.95,13.03
546.44,3.7,8.72
368.74,3.11,19.98
250.13,2.99,34.51
580.69,3.03,19.32
250.59,3.57,32.18
119.53,2.79,40.23
88.14,2.83,22.05
193.74,2.94,35.78
223.18,3.41,6.97
241.48,3.16,10.76
97.25,3.2,17.48
90.13,2.96,10.21
163.23,2.88,24.51
254.04,3.3,7.92
141.08,3.02,30.45
555.72,3.7,22.45
130.47,3.23,10.51
130.31,3.51,12.14
129.09,3.09,898.17
98.92,2.97,14.72
183.26,3.04,6.61
137.47,3.36,19.17
283.11,3.31,8.66
111.67,3.47,8.98
107.67,2.89,7.99
166.69,3.29,11.14
300.92,3.07,7.27
237.94,2.94,9.22
105.07,2.88,33.13
347.51,2.96,12.19
211.94,2.96,10.09
174.59,2.76,37.12
83.68,2.9,36.2
262.54,2.78,12.47
164.57,2.78,10.69
138.28,2.97,11.26
8.29,3.05,28.49
124.39,2.93,8.68
105.61,3.09,29.56
254.29,3.19,29.62
237.81,3.22,43.12
235.38,3.07,11.57
221.73,3.11,7.71
219.5,2.98,28.17
244.97,3.18,32.21
761.23,2.95,9.69
237.68,3.04,36.89
739.22,3.08,11.67
132.16,3.18,7.21
5.25,3.01,10.5
186.72,3.35,12.25
624.45,2.9,29.67
134.1,3.08,15.63
264.86,2.93,20.74
277.09,3.32,183.49
356.96,3.02,9.62
306.59,2.92,7.42
128.58,3.31,13.56
92.73,2.84,10.31
288.74,3.3,12.46
91.15,3.6,25.29
309.6,2.7,22.23
226.89,2.66,31.59
236.36,3.23,7.57
132.93,2.77,12.4
89.1,3.07,10.23
208.25,3.32,7.81
134.79,2.93,8.04
243.64,2.79,34.59
116.91,3.17,46.74
324.45,2.95,8.05
637.05,3.29,30.91
127.97,3.25,37.02
100.34,2.98,68.58
634.77,3.22,7.83
209.26,2.82,13.32
145.66,3.54,7.83
258.91,2.79,6.99
87.15,3.12,11.37
88.37,3.39,18.14
88.09,2.84,15.48
140.63,3.1,26.4
121.36,2.9,7.43
604.7,3.18,12.29
282.67,2.91,10.47
118.66,2.88,30.01
127.25,2.82,8.9
320.66,2.89,12.78
179.1,2.99,9.14
247.76,2.93,8.85
84.44,2.98,10.59
243.33,2.82,28.47
171.67,3.03,35.55
123.23,3.13,30.02
150.01,3.15,40.34
134.25,3.14,30.87
293.16,3.25,8.29
101.54,3.03,12.01
257.15,3.09,7.87
227.68,2.93,35.33
123.06,3.19,28.78
103.39,2.89,7.29
235.74,3.23,15.0
824.76,3.35,10.73
107.18,3.44,11.7
207.94,3.55,10.17
259.13,3.21,16.78
548.58,3.11,10.95
4.55,3.3,10.5
12.16,3.07,30.64
122.52,2.96,25.33
399.12,3.24,8.71
126.47,3.02,7.54
277.05,3.03,12.16
253.91,3.3,7.62
225.57,3.06,14.4
331.49,2.78,16.85
112.16,3.53,12.23
538.99,3.01,13.41
113.25,2.95,21.08
351.04,2.95,7.08
237.18,3.75,12.41
245.64,3.23,13.65
141.35,2.93,31.5
204.68,2.88,32.82
213.91,3.06,14.55
369.64,3.68,24.54
274.92,2.92,6.71
622.46,2.79,33.99
245.77,2.83,1000.68
5.67,2.97,13.78
181.21,3.15,13.15
104.07,2.84,9.63
116.75,3.14,12.12
239.18,2.89,22.98
87.95,2.77,22.82
144.78,3.14,64.59
646.78,2.9,31.44
200.51,2.99,10.47
180.13,2.92,11.01
232.1,2.87,9.54
254.09,3.18,7.28
330.69,3.42,12.37
189.16,2.83,37.07
136.99,2.96,35.01
162.46,2.94,36.36
598.06,2.96,13.99
108.72,3.34,11.25
295.79,3.46,29.22
506.43,3.02,14.84
4.88,2.99,7.05
243.04,3.07,12.56
254.6,3.35,9.32
243.02,2.99,14.95
120.99,3.62,15.01
192.16,3.32,8.31
161.45,2.82,46.0
121.86,3.14,12.37
254.84,3.62,23.23
132.84,2.88,10.35
221.7,3.02,24.75
108.56,2.76,7.02
224.73,3.22,8.83
343.43,3.11,7.46
263.24,2.73,37.18
427.85,2.94,32.63
129.37,2.75,36.25
106.34,2.99,42.35
198.95,3.11,38.3
609.96,3.06,28.97
108.17,3.24,10.76
309.72,3.25,782.97
484.01,2.77,38.37
99.82,2.95,8.44
112.52,3.14,7.9
126.5,3.16,9.52
333.86,3.43,29.71
213.39,3.28,33.54
123.58,2.71,6.49
87.36,2.89,27.19
225.2,2.92,11.23
375.4,3.27,14.19
98.27,3.04,34.9
233.3,3.19,9.18
256.4,2.93,11.44
4.44,2.88,8.66
131.62,3.42,8.28
301.06,2.86,30.81
120.53,2.93,8.05
150.21,3.03,29.96
164.1,3.02,33.48
106.36,3.06,32.09
129.1,3.15,27.71
214.28,3.08,8.91
108.86,3.46,12.62
130.1,2.61,26.6
88.59,3.92,15.31
262.35,2.93,14.07
86.2,2.91,39.09
7.25,3.7,6.52
254.51,2.96,24.53
213.8,3.36,9.69
385.63,3.37,30.44
135.56,3.52,7.76
149.84,2.98,32.8
118.26,2.89,685.26
305.37,2.9,10.01
126.79,2.83,6.26
304.94,3.02,7.35
198.93,2.87,39.17
635.55,3.82,11.85
128.37,2.81,32.12
250.1,2.78,34.84
787.91,2.98,6.56
587.73,3.1,19.62
243.2,3.11,27.96
105.75,2.81,8.09
710.26,2.98,30.93
163.64,3.15,12.52
111.8,3.21,8.06
256.83,2.69,11.01
247.93,3.09,8.89
121.43,3.1,36.68
290.0,2.79,7.35
105.69,3.03,39.12
943.92,2.92,32.01
108.76,3.02,8.43
109.04,2.9,37.29
252.75,2.61,38.83
94.89,3.32,12.25
186.27,2.99,13.13
118.43,3.94,38.58
398.76,3.15,11.63
335.44,3.32,11.07
244.74,3.29,7.59
239.52,2.83,13.6
98.03,3.91,23.5
85.75,3.0,24.71
268.22,3.28,27.4
236.44,3.21,31.82
114.82,3.24,36.52
132.62,2.82,39.23
99.32,3.46,7.0
252.79,2.95,45.02
103.06,3.6,35.9
115.81,2.86,412.55
293.54,3.06,33.67
121.49,3.1,34.98
128.29,3.1,7.23
238.8,2.82,25.6
93.14,3.17,20.17
105.02,3.35,28.73
147.03,3.46,25.98
152.63,2.98,11.31
259.12,2.94,6.38
134.34,3.48,10.48
422.76,3.34,25.36
125.98,3.03,45.97
255.13,3.44,10.25
134.53,3.17,10.84
238.27,2.77,37.26
302.87,3.01,10.6
242.54,3.35,12.95
242.74,3.17,7.03
139.89,2.91,641.14
230.46,2.75,7.59
341.05,2.93,10.17
198.96,3.11,8.57
123.02,3.41,38.42
85.98,2.92,25.21
553.46,3.73,7.25
251.49,2.9,11.43
108.32,3.28,12.77
241.96,2.9,13.17
454.4,2.86,43.96
5.05,3.22,40.06
258.03,2.79,7.57
243.39,2.99,20.15
250.69,3.04,13.5
112.81,3.19,30.86
646.99,3.06,12.03
724.57,3.24,18.75
275.8,2.81,43.89
684.5,2.55,11.73
280.79,3.4,30.21
660.41,2.78,34.44
162.48,2.82,7.19
88.22,2.93,10.79
115.36,3.15,32.81
296.35,2.8,34.6
141.47,3.6,9.09
228.35,3.05,7.25
266.96,3.09,26.52
338.21,2.9,36.56
151.3,3.39,12.11
256.95,2.84,35.09
242.25,2.97,7.65
120.15,3.41,24.12
354.69,3.33,12.51
242.72,3.35,7.11
121.32,3.14,15.21
301.59,2.85,7.89
215.34,3.16,10.46
241.34,3.35,6.06
896.04,2.78,7.66
103.04,3.06,27.9
291.93,3.02,27.55
112.02,2.83,22.01
222.1,3.31,17.41
108.33,3.16,11.65
167.64,3.33,27.86
114.08,2.79,42.9
135.96,3.41,38.91
228.72,3.28,22.56
143.56,2.88,47.47
517.05,2.8,23.4
202.89,3.69,11.71
162.72,3.56,28.69
252.98,3.25,15.05
986.48,3.0,27.36
133.13,3.22,10.18
255.76,2.86,23.54
229.85,3.54,9.34
261.5,2.95,7.58
143.3,3.18,23.15
287.56,3.38,7.17
116.28,2.95,28.32
233.78,2.96,10.51
108.09,2.95,33.98
381.97,3.06,9.05
268.73,2.78,26.43
283.68,3.33,760.94
249.94,3.27,11.16
310.13,3.33,7.51
243.52,2.97,7.39
835.59,3.09,25.87
211.6,2.91,33.22
83.07,3.15,14.06
113.77,3.03,10.13
236.8,2.9,7.78
