ideal,simple_cnga,full_cnga
3.2206384757949463e-9,3.030526391422407e-9,3.050447809159054e-9
2.405627639622676e-9,2.332967539489363e-9,2.3399649941101756e-9
3.847312195869751e-9,2.9954951022408124e-9,3.0770148446674423e-9
2.8572892485430433e-9,2.7389351283226784e-9,2.7515628479123012e-9
3.7085244483914916e-9,3.196824250495966e-9,3.2485266528762537e-9
3.810653039760657e-9,3.0822885499564544e-9,3.153506185834083e-9
3.8779309908276345e-9,2.8893849646212033e-9,2.981530467662119e-9
3.829892686637994e-9,3.0411007217615937e-9,3.117552310576853e-9
3.862707977889967e-9,2.9466546662917124e-9,3.033315125906669e-9
3.885904754668796e-9,2.8550373331967933e-9,2.9503423662218716e-9
3.834283273427128e-9,3.0303243850528617e-9,3.1079197569566527e-9
3.74332395691145e-9,3.172548657323007e-9,3.2298207316712904e-9
3.827812831521068e-9,3.046058017673937e-9,3.12185986495808e-9
8.998370307882307e-10,8.858895983773155e-10,8.888815222060244e-10
3.864708945962412e-9,2.9395109597046643e-9,3.026998404355519e-9
3.826938804288334e-9,3.0480172024214264e-9,3.1236176733099353e-9
3.721596094263374e-9,3.188973914773875e-9,3.2427639776796587e-9
3.3792768167492305e-9,3.1339692819479853e-9,3.1599247256922388e-9
3.4473969872204485e-9,3.1700630428859012e-9,3.1986737238081155e-9
3.1822129517630983e-9,3.002087353640477e-9,3.0209694890239084e-9
4.965522624916368e-10,4.672626734713655e-10,4.700304125286819e-10
5.753538275950985e-10,4.867355385572187e-10,4.955169842081137e-10
5.321645151695804e-10,4.881927728510742e-10,4.925382124275757e-10
5.718854080918969e-10,4.893863726600231e-10,4.976086085085018e-10
3.3839950614767154e-10,3.2883282344372447e-10,3.2959800652920516e-10
5.14996228226624e-10,4.789389393234651e-10,4.825790607402378e-10
5.763100248450536e-10,4.855927931026627e-10,4.946624852666697e-10
4.391061128570827e-10,4.2037245058444e-10,4.2243454556219195e-10
5.632153735455e-10,4.933541750509436e-10,5.004119417265863e-10
5.696692549042077e-10,4.908259944477557e-10,4.987264932683596e-10
5.494100092112826e-10,4.936674867341805e-10,4.991454742678353e-10
5.753797004274065e-10,4.865855588280146e-10,4.955066326099075e-10
5.783930125376295e-10,4.833260269785203e-10,4.929573581210758e-10
2.4772553921105666e-10,2.436455097489721e-10,2.433332971979668e-10
5.819284780082929e-10,4.787788163540946e-10,4.889105151541329e-10
5.863899970146115e-10,4.706485035174558e-10,4.819239589051623e-10
5.795160163970967e-10,4.820167712152798e-10,4.917943740658129e-10
5.266336198614007e-10,4.856546715836963e-10,4.897291192195098e-10
5.862877610931211e-10,4.708227781835885e-10,4.820525996928419e-10
5.250706831098731e-10,4.84708442707574e-10,4.889801116875048e-10
8.787425933973063e-7,7.597802563917772e-7,7.718286863909911e-7
7.694411972438928e-7,7.227849251186658e-7,7.276615933126468e-7
9.203980665167872e-7,6.875148953683354e-7,7.09263430639691e-7
8.812469377284472e-7,7.58482948391959e-7,7.70890086254943e-7
9.214761297837107e-7,6.830564336778191e-7,7.052160973801474e-7
8.244332915148504e-7,7.552410710045636e-7,7.624171093457749e-7
9.215286342517031e-7,6.828331233357742e-7,7.050131334337919e-7
9.008662661955847e-7,7.386010430663019e-7,7.54600012721873e-7
8.846286455168653e-7,7.563707136063595e-7,7.692916859403706e-7
1.6087401963504672e-9,1.5847245423034983e-9,1.586705988809991e-9
8.854236386768992e-7,7.558090616933532e-7,7.688565322540432e-7
9.206498132046097e-7,6.864950420106534e-7,7.083385659941374e-7
8.567115446051394e-7,7.638198651015911e-7,7.733554149020994e-7
8.986747004535213e-7,7.41915869623777e-7,7.574290528430536e-7
8.997627146573966e-7,7.403134419904048e-7,7.560645998243555e-7
8.920768551616644e-7,7.500044606630401e-7,7.641980284897742e-7
7.430513887962084e-7,7.032754459044377e-7,7.07440404167337e-7
9.211276647139433e-7,6.845234875383738e-7,7.065490144886111e-7
5.301063664400605e-7,5.155004869334769e-7,5.17039083352693e-7
6.612084501857065e-7,6.352258991492448e-7,6.379556498814292e-7
2.730651946948396e-6,2.2933123899703627e-6,2.3369728343780344e-6
2.701237210530417e-6,2.317533433611143e-6,2.3562460501766546e-6
2.631387095557105e-6,2.336941692559058e-6,2.3671145905644483e-6
2.8167156021392985e-6,2.101650607019377e-6,2.168370279539708e-6
2.76544780120544e-6,2.2442621332181114e-6,2.295354291106581e-6
2.7782408696535023e-6,2.218441841035126e-6,2.272825171061814e-6
2.8061119190267864e-6,2.141118956890079e-6,2.2040224439885647e-6
2.6503482034790555e-6,2.3356294281578515e-6,2.367773398568325e-6
2.791426713463009e-6,2.185973684920643e-6,2.24413656900638e-6
4.7605004681570367e-7,4.6930657485077845e-7,4.700172782470566e-7
2.5470649277312292e-6,2.3202595622057296e-6,2.343732880355022e-6
2.7377814485940025e-6,2.2853471863529745e-6,2.330373331354417e-6
2.81790827009083e-6,2.0967773804857286e-6,2.163948563956471e-6
2.6174130141355593e-6,2.3364772832259014e-6,2.365326552457546e-6
2.618969699292315e-6,2.3365834701791138e-6,2.365575415725398e-6
2.6871538009967888e-6,2.3250919037372125e-6,2.3617678675219887e-6
2.670784683208806e-6,2.3312547845083154e-6,2.36578668647353e-6
2.827940282022824e-6,2.0518099721424097e-6,2.1229654850194033e-6
2.7324938743250354e-6,2.291343228738628e-6,2.3353494863881673e-6
2.7002755217469753e-6,2.3181232473875146e-6,2.3566905796819035e-6
1.7394835549612053e-8,1.3941417515554855e-8,1.4277848607661003e-8
1.5499007435193565e-8,1.433264978712204e-8,1.4454066940285841e-8
1.7602379108218927e-8,1.3360116110457762e-8,1.3760199333505615e-8
1.7543135605254447e-8,1.3557645071149938e-8,1.3937687684266694e-8
9.431781219034655e-9,9.19229361134904e-9,9.217511989651304e-9
1.7527115712543622e-8,1.3606089525304689e-8,1.3981006149591769e-8
1.512283041706597e-8,1.410953671834165e-8,1.4215406185191908e-8
1.6859363564446215e-8,1.45674793988314e-8,1.4799543870190191e-8
1.724916049740261e-8,1.420438704434145e-8,1.450537402651589e-8
1.713257523578792e-8,1.4355716428631228e-8,1.4632695728539266e-8
1.7208320567124908e-8,1.4262603122759105e-8,1.4554730706798719e-8
1.7631154952535378e-8,1.3252984191673861e-8,1.3663455611247816e-8
3.6928064532807516e-9,3.639209338234919e-9,3.6435544262871845e-9
1.7504407702439873e-8,1.3671807728153304e-8,1.403958256464327e-8
2.352535684915135e-9,2.3224247879186134e-9,2.3279565931152894e-9
1.7423879400073135e-8,1.3876751224176962e-8,1.4221006457319245e-8
1.6462386256273917e-8,1.4650558832757586e-8,1.4836459914846422e-8
1.768326776332258e-8,1.3037589058727854e-8,1.3468028382304017e-8
1.7114781679598447e-8,1.4374894469979446e-8,1.4648508653561022e-8
1.7670595789131323e-8,1.3092604218477861e-8,1.3518076162119075e-8
6.608371580309266e-6,4.978682005076845e-6,5.131615298612154e-6
6.351558947871105e-6,5.441845489360097e-6,5.533547210247959e-6
6.536418565147523e-6,5.1935599892681886e-6,5.323617874068937e-6
5.990206983046619e-6,5.452913633134508e-6,5.50849660230915e-6
6.566428535639016e-6,5.1161069522594045e-6,5.254984587108305e-6
6.4155535889242e-6,5.38859909368149e-6,5.49110365831557e-6
6.209628749804296e-6,5.4889810702777e-6,5.562666858989048e-6
6.494629024106347e-6,5.279078228984496e-6,5.398316412009183e-6
6.536728284152551e-6,5.192835388951297e-6,5.322979425503867e-6
4.815248469404935e-6,4.6198618584366115e-6,4.640381849102334e-6
6.397535050820172e-6,5.406257984089499e-6,5.505506423962316e-6
6.0460636608865965e-6,5.470478857582778e-6,5.529888694731547e-6
5.334743142699002e-6,5.049366057491959e-6,5.079245946778642e-6
6.485557513474522e-6,5.294762550378774e-6,5.411851223321886e-6
6.559127543475419e-6,5.136370048703468e-6,5.273013347493884e-6
6.639614397150793e-6,4.847762610065833e-6,5.012658295914008e-6
6.026794360608744e-6,5.464939750801554e-6,5.5229800686853416e-6
6.559884986523404e-6,5.134312536752845e-6,5.271184915296522e-6
6.531040645179746e-6,5.2059100720280085e-6,5.334484953833077e-6
5.923909409173534e-6,5.426680512450424e-6,5.478233825168135e-6
1.1415517056696387e-6,9.371273733041212e-7,9.572960600950854e-7
8.286085775308943e-7,7.968209138842366e-7,8.001610372992452e-7
1.0913850057896968e-6,9.68368392487059e-7,9.809709157952562e-7
1.1622067630140704e-6,8.885964606396598e-7,9.145139918169613e-7
1.1519061759566729e-6,9.173918951634454e-7,9.401440949976876e-7
1.1569181945206117e-6,9.047563797211014e-7,9.289649411269454e-7
1.000012767824603e-6,9.327932374466704e-7,9.398049354391845e-7
2.3087024956090596e-7,2.2746041471927321e-7,2.2781926876574037e-7
1.5879820730641539e-7,1.5665966647664358e-7,1.5688496236730476e-7
1.0922148946170302e-6,9.68342598774209e-7,9.810287093140937e-7
1.147343493628586e-6,9.270257250281412e-7,9.485746355663552e-7
1.147715297614965e-6,9.263001119386149e-7,9.479428744926757e-7
1.0677176741574163e-6,9.65333568688075e-7,9.75901520482849e-7
1.1701258817506584e-6,8.573874867548196e-7,8.862433611939061e-7
1.106802597000018e-6,9.65963003463778e-7,9.802879992367687e-7
1.1532110749755996e-6,9.143245488398511e-7,9.374418596812154e-7
1.1149582247345734e-6,9.62709505267621e-7,9.781191081426809e-7
1.15254565063467e-6,9.15907199235993e-7,9.388371368669961e-7
1.1683837854681206e-6,8.651022959765853e-7,8.932697172387813e-7
4.38489007129013e-7,4.300575703679705e-7,4.3094722329887374e-7
0.0006366574120088759,0.0005270464374549197,0.0005378429801571448
0.0005991585922056729,0.0005383446263777905,0.0005445758521064313
0.0006091972819641779,0.0005396969636703016,0.000546775072858609
0.000652872063063663,0.0004931276860075492,0.0005080536575058972
0.0006510454781431339,0.0004989024906146756,0.0005132430784982334
0.00048438735240996137,0.00046272982963418703,0.00046499707187717466
0.0006207401208916487,0.000538180326402877,0.0005465052778919356
0.0006447369192442675,0.0005144026837402444,0.0005269813058043222
0.0005867053425446181,0.0005343353602519518,0.0005397308542322381
0.0006436303964426129,0.0005165415797201272,0.0005288478670176184
0.0006253667722710783,0.000536286116343375,0.0005452210409016318
0.0005931990599875941,0.0005366955559042351,0.000542501641607018
0.0005023576804954381,0.00047772763068514896,0.00048030281207204936
0.0006564212582669493,0.00047974346803409355,0.0004959178618086426
0.0006536887514029747,0.0004903173518196809,0.0005055172479680014
0.0006182265043128407,0.000538863049259885,0.000546885884720024
0.0006577665626710763,0.00047378731589098046,0.0004904757148316638
0.0006569503146712743,0.0004774652951849494,0.0004938390696767166
0.0004046407092225892,0.00039166858457617606,0.0003930311076063787
0.0005714794219881517,0.0005270313826121827,0.0005316324294104972
6.410741633970808e-7,4.886540964624564e-7,5.030663857861224e-7
6.144001642733084e-7,5.309014851067788e-7,5.393562887333805e-7
6.43774862603921e-7,4.783747015627917e-7,4.937717721382993e-7
4.4491205419698934e-7,4.2872783019995993e-7,4.3042878206924415e-7
7.349078741053146e-11,6.758026081340167e-11,7.00769158422272e-11
6.349368472533196e-7,5.059989171546989e-7,5.185139509870556e-7
6.459970768051557e-7,4.6830665330634e-7,4.845922190721191e-7
4.857705701921917e-7,4.643339815669656e-7,4.665837721053739e-7
4.050325451576726e-7,3.9245647756260843e-7,3.9377923758523005e-7
6.353997714698968e-7,5.049262671166592e-7,5.175696864405887e-7
6.114431201241148e-7,5.321440047963517e-7,5.401999208891122e-7
6.269353086566116e-7,5.201097741582228e-7,5.307091764593671e-7
1.7905171534453174e-7,1.7608100623509976e-7,1.7639475682039024e-7
6.442763882755859e-7,4.762413549773101e-7,4.918325012683703e-7
6.175275353929196e-7,5.291308031151612e-7,5.380458330814917e-7
6.384667627660787e-7,4.969110845057271e-7,5.104636542997391e-7
6.330397722630233e-7,5.100625882826846e-7,5.220730743798273e-7
6.330847161308092e-7,5.099721462761612e-7,5.219940839977002e-7
5.871357439361559e-7,5.318100972328141e-7,5.375249403758201e-7
3.790528145402407e-7,3.683106378638689e-7,3.6944134293492665e-7
4.845010437171227e-11,3.9084846046098816e-11,4.000209851903876e-11
4.4178905108819136e-11,4.0460268334955875e-11,4.095247707326397e-11
4.893738960195388e-11,3.798617828498137e-11,3.896727795664367e-11
4.842026856868327e-11,3.9326434921737054e-11,4.0158813615044205e-11
4.919282527055689e-11,3.735955653383084e-11,3.8477756732357166e-11
4.9084503801880785e-11,3.77541456186969e-11,3.882903980467012e-11
4.8935822854888106e-11,3.824961034715898e-11,3.9186678056044735e-11
4.8842760051653183e-11,3.828321626852318e-11,3.9295799727144964e-11
4.8329984595676004e-11,3.938225133019427e-11,4.023624981041065e-11
4.701204984972129e-11,4.067676333970306e-11,4.120898381713896e-11
4.942938562007093e-11,3.6206731793716346e-11,3.746006497097217e-11
4.90464190080318e-11,3.7704453662353826e-11,3.8739390147759806e-11
4.8917788174236665e-11,3.80389493897659e-11,3.919003622196019e-11
4.824080475176962e-11,3.944559880885136e-11,4.0309974142799426e-11
3.906166844356362e-11,3.703573443014954e-11,3.6783282060936104e-11
4.8349276586887173e-11,3.9371825791520813e-11,4.014642956390287e-11
4.536745157154208e-11,4.080715236618079e-11,4.132537701299198e-11
4.8965532321618504e-11,3.796869178935589e-11,3.910523824618876e-11
4.706145479982307e-11,4.064743489225185e-11,4.1203666252254564e-11
4.808484327278973e-11,3.9785451436075095e-11,4.064406637653471e-11
1.136518005368121e-6,1.0606928821034677e-6,1.0686033268646743e-6
1.3058743930578767e-6,1.0560959614763931e-6,1.0805383580743143e-6
9.69803779927663e-7,9.303009321306585e-7,9.344501580977794e-7
1.2218495441117656e-6,1.1004549796966602e-6,1.1129664713594238e-6
1.3139258506451564e-6,1.0384727224597973e-6,1.0650796900147415e-6
1.2577674570683815e-6,1.100373208805995e-6,1.1163992711764408e-6
1.3179713116789462e-6,1.0277161865521035e-6,1.055533918316392e-6
1.2746763308984836e-6,1.0930149751745048e-6,1.111340787013037e-6
1.33318460305589e-6,9.71429034117122e-7,1.0046893697672267e-6
1.3342330237690643e-6,9.663594241905678e-7,1.0000529916106904e-6
1.2662087954488733e-6,1.0974815339524777e-6,1.114588845439853e-6
1.1573975667272684e-6,1.073439969052215e-6,1.082182504805138e-6
1.325769575415908e-6,1.0024656925338717e-6,1.0328841828034733e-6
1.3294317725836893e-6,9.88124663827117e-7,1.0198989836988233e-6
1.1884217114112531e-6,1.0893509964916908e-6,1.099627774448789e-6
1.2345956586155119e-6,1.1022540050921497e-6,1.11584665709933e-6
1.3035319545930132e-6,1.060415384954459e-6,1.0842831243038296e-6
1.2985084480509917e-6,1.0686348339921846e-6,1.0913444711543592e-6
1.328701153105928e-6,9.911305527214518e-7,1.022627090513891e-6
1.2918132948587462e-6,1.0776599804083389e-6,1.0989684630287488e-6
1.4071222672264607e-8,1.051441297752838e-8,1.0846679168754796e-8
7.0759018407099595e-9,6.907211259667101e-9,6.925521505370727e-9
1.077795094703407e-8,1.0284799124191007e-8,1.0336829430439552e-8
8.36412435581659e-11,8.046421651907685e-11,8.120155740206745e-11
1.3692575957637668e-8,1.1408267967816434e-8,1.1635423219761392e-8
1.365595433318728e-8,1.1451090889937477e-8,1.1671109124727e-8
1.4088867895351973e-8,1.044095055467927e-8,1.0780065542280563e-8
1.3505423034393265e-8,1.1579512048409281e-8,1.1773975338482972e-8
1.2528803358967419e-8,1.1514560951661568e-8,1.1619737267049177e-8
1.384863716323223e-8,1.1158959471485074e-8,1.1421846685172399e-8
1.2883914664184678e-8,1.1646215240824102e-8,1.1774145977582441e-8
1.399139507535468e-8,1.0798375894933013e-8,1.1102579610242061e-8
1.1735943358630382e-8,1.1032409235519022e-8,1.1106202182298085e-8
9.696189287801111e-9,9.346963232133658e-9,9.38366641922902e-9
1.411310401014673e-8,1.033332084690736e-8,1.0681999953356421e-8
5.802529138538167e-9,5.683262478283113e-9,5.6960373978234145e-9
1.3856441665794818e-8,1.1143162110390101e-8,1.1407846913368357e-8
1.3961004526777087e-8,1.0888866890022994e-8,1.1183380790955877e-8
1.3871792666756832e-8,1.1110825807682055e-8,1.1379671986855762e-8
1.3810294623406567e-8,1.1232127887168702e-8,1.148513113410678e-8
1.727789402231782e-8,1.4159757203534056e-8,1.4467285946991475e-8
1.6886835817182664e-8,1.4553501762265871e-8,1.4789415603175731e-8
1.769417631611949e-8,1.2988865874766842e-8,1.342356798059104e-8
1.734480058307704e-8,1.4042393959493917e-8,1.4365872115401734e-8
1.736697883013558e-8,1.3999253388596736e-8,1.4328260626270649e-8
1.713352404333221e-8,1.4354682282286155e-8,1.4631800996273673e-8
9.76712980447106e-9,9.511720101918235e-9,9.538571978405298e-9
1.3888417650378852e-8,1.3203367852360666e-8,1.3275141098707317e-8
1.7479122409198917e-8,1.3740470427799827e-8,1.4100613636958212e-8
1.7099490969833707e-8,1.4390959844288908e-8,1.466163689723131e-8
1.7668216974590043e-8,1.310278676313284e-8,1.3527342277165943e-8
1.6957620938943662e-8,1.4510089019716613e-8,1.475682510532269e-8
1.7486477428069605e-8,1.3720816348782294e-8,1.4083107286919815e-8
7.198164696370735e-9,7.051017943100675e-9,7.067691313189799e-9
1.4584431620800491e-8,1.3739690899345338e-8,1.3827603998392127e-8
1.399151477179374e-8,1.3285914685160333e-8,1.3360275051189249e-8
1.7586847901357003e-8,1.3414816679837179e-8,1.3809498071196793e-8
1.579637461720858e-8,1.4479021225581423e-8,1.4615621688141913e-8
1.691594476392343e-8,1.4536864462602329e-8,1.477723579588135e-8
1.5386359366715514e-8,1.4269774111783706e-8,1.4385804985637903e-8
8.055299614339528e-6,6.686863681794122e-6,6.82261430259624e-6
7.570415391286931e-6,6.839015068176812e-6,6.914458548106493e-6
7.925756079422879e-6,6.805492917475724e-6,6.918529344893395e-6
8.105525142874665e-6,6.612163755422105e-6,6.758929574721233e-6
8.094578572725156e-6,6.63017938472068e-6,6.774417431308038e-6
7.630498042908062e-6,6.8515686977651215e-6,6.931724964818414e-6
8.302201746705004e-6,6.028690126115e-6,6.237171551884604e-6
5.374446091217445e-6,5.1982618694446266e-6,5.2167937123390646e-6
7.297579466700362e-6,6.7304438642953475e-6,6.7893772870182926e-6
7.929840104538856e-6,6.803019681707488e-6,6.916669825837431e-6
7.697436078333145e-6,6.8588009810224865e-6,6.944833666608902e-6
6.507389104044132e-6,6.18414725310843e-6,6.218023284547494e-6
6.668436867009448e-6,6.3109653305459284e-6,6.348391196521999e-6
8.298640063027032e-6,6.045671214362547e-6,6.25269471511261e-6
8.286974352913888e-6,6.0989729352464e-6,6.301322991633099e-6
8.185543071183587e-6,6.444031528823029e-6,6.611791033329593e-6
8.179439777836005e-6,6.459462785521265e-6,6.6254487627900215e-6
8.01930984902548e-6,6.7292100186919925e-6,6.857907405243727e-6
5.589739447966603e-6,5.393831866329157e-6,5.414428741640961e-6
7.303270650335706e-6,6.733368737075347e-6,6.792582680265116e-6
0.0012510275300130266,0.000947483801304383,0.000975823849467612
0.0012364045948452648,0.0009841422621408521,0.001008397258514542
0.001246443249716836,0.0009608910108949939,0.0009878375481945805
0.0012302368967325404,0.0009951124877660927,0.0010179265440146397
0.0011888286488193137,0.0010297761381957012,0.0010457733750308758
0.0011113590630401774,0.0010165017513146263,0.001026274832003073
0.0012448424513910818,0.0009651213308117225,0.0009916068996347624
0.0012218199251647053,0.0010069210147518354,0.0010279880388532046
0.0011499553898731828,0.0010301407394332275,0.0010423791293448926
0.0006816873847974811,0.0006627345616655352,0.000664726342090473
0.0012025062311172333,0.0010238507318347501,0.0010416669935594924
0.0011776588488223367,0.0010319672434118171,0.0010467016194139703
0.0012529489232334162,0.0009412372244819137,0.000970195358600286
0.0012599128763903617,0.0009149264457222903,0.0009463061667740601
0.0012263991139140915,0.001000906367764404,0.0010228946400535714
0.0007843363714824811,0.0007582005402293515,0.000760943183464881
0.00112190914509242,0.0010211654485822598,0.0010315248189748892
0.0012038770078869252,0.0010230190545969851,0.0010410370946939572
7.495694147783442e-5,7.404871134016298e-5,7.414454028019789e-5
0.0012535036968678705,0.0009393586131280294,0.000968499106547266
4.526939186983656e-5,4.032331511542233e-5,4.083019063058702e-5
4.647550331243733e-5,4.010017292617148e-5,4.0744298697090975e-5
4.8373023750635464e-5,3.73442174422623e-5,3.8393351543093345e-5
1.0754938114909233e-5,1.0589382479303925e-5,1.0606840147138408e-5
4.8638303989409245e-5,3.6437043660551876e-5,3.757674709560822e-5
4.414748732344458e-5,4.0092844114587875e-5,4.051156666161597e-5
4.7579785824656126e-5,3.907290714479176e-5,3.9911082384846766e-5
2.836788406920614e-5,2.7563478403869857e-5,2.7648128648676625e-5
4.870600404402117e-5,3.6168289191548356e-5,3.733305864395772e-5
1.0105028698221866e-5,9.952503517521213e-6,9.968590363559501e-6
3.953282811063949e-5,3.733888488930847e-5,3.7568342298070236e-5
4.6664561014387194e-5,3.9996837893765846e-5,4.0668368441676925e-5
4.524716330271447e-5,4.03220112290673e-5,4.082683870810359e-5
4.2811829634430424e-5,3.950702657374398e-5,3.985025726166878e-5
4.824743446985541e-5,3.770414104451996e-5,3.871433830955644e-5
3.933734515266137e-5,3.7190180054799454e-5,3.741480257757219e-5
4.498986587251369e-5,4.029602953872565e-5,4.077814790469153e-5
3.749139446900679e-5,3.572009770156106e-5,3.5905755975627146e-5
4.780196821800723e-5,3.870311756207529e-5,3.959270835278697e-5
4.815626432138434e-5,3.794151864062516e-5,3.892490318859378e-5
3.245238849764338e-6,2.389890904570498e-6,2.469048055250508e-6
3.2295676462974307e-6,2.4520956191996877e-6,2.525416833743775e-6
2.892419914814681e-6,2.65314029324751e-6,2.6779643235951163e-6
3.1280510057910566e-6,2.648464647014707e-6,2.696537378796807e-6
3.124796192931196e-6,2.651266963829829e-6,2.69878215204155e-6
3.1525555817378655e-6,2.6224331750546724e-6,2.6750938304359724e-6
3.219318557287801e-6,2.486070812853144e-6,2.5559298324919328e-6
3.232359755141697e-6,2.441983032495656e-6,2.516294519696281e-6
3.1959999720647225e-6,2.5479210661852166e-6,2.610821148853995e-6
3.1756658319501535e-6,2.5882056297060956e-6,2.645927843760804e-6
1.3471696813276938e-6,1.3194990094515214e-6,1.3224152913244171e-6
3.160878148361095e-6,2.6113290733158194e-6,2.6657220377673453e-6
3.1666283454270542e-6,2.60288242034024e-6,2.658530276416688e-6
3.113685614583912e-6,2.6598256309826988e-6,2.7055192279086594e-6
2.521908901763734e-6,2.400735496161686e-6,2.4134417870811603e-6
3.2398812785513716e-6,2.412708962764194e-6,2.4897937029507543e-6
2.7286392612514265e-6,2.5575932734300877e-6,2.5754583726121506e-6
2.620859436637462e-6,2.479105046882712e-6,2.493946884953533e-6
3.188580987987707e-6,2.5638957077451843e-6,2.6248193454141458e-6
2.9932043415476313e-6,2.6847959978108035e-6,2.7165268827726445e-6
5.907572634823497e-10,4.5990842571149313e-10,4.724024689814223e-10
5.954126444834195e-10,4.435338164479929e-10,4.5775023699162717e-10
5.927374990708277e-10,4.535952339059863e-10,4.667684184557991e-10
5.929997509638987e-10,4.5256774625854233e-10,4.659398969589248e-10
5.602917688296788e-10,4.93734565912123e-10,5.006923156670153e-10
5.962237605488721e-10,4.4047863055798203e-10,4.548627295055377e-10
5.865029974832556e-10,4.706138147975304e-10,4.818939514575696e-10
5.575833873963664e-10,4.939197767445981e-10,5.004797822553459e-10
5.838420705865281e-10,4.755260902454317e-10,4.861367674408904e-10
5.726616842265377e-10,4.886667387855954e-10,4.972058454197505e-10
5.230424233551062e-10,4.837749314154383e-10,4.87885845524321e-10
5.59454454484941e-10,4.939920822668753e-10,5.00463562979014e-10
5.935290648253733e-10,4.5085150338486185e-10,4.64281425395737e-10
5.74950179541036e-10,4.86933649847113e-10,4.957666859324397e-10
5.469778992784025e-10,4.93193076736431e-10,4.986742541739056e-10
5.797834174542783e-10,4.817426246306072e-10,4.915383948972982e-10
5.731756153381589e-10,4.884165710195008e-10,4.971052909793626e-10
5.929690903402092e-10,4.5305420675694074e-10,4.662650282724539e-10
5.923019406684498e-10,4.5534188233088335e-10,4.682703455008771e-10
5.245725858709827e-10,4.844637549727382e-10,4.886921592935269e-10
1.76691532933587e-8,1.3099153764525347e-8,1.3524011341099484e-8
1.6454646728174432e-8,1.4650483924596395e-8,1.48356786057548e-8
4.096747033435047e-9,4.032275338222302e-9,4.03856867951437e-9
1.7535510849805837e-8,1.3580774944487173e-8,1.3958401128640545e-8
1.747477693088726e-8,1.375200829303544e-8,1.411079089853638e-8
1.6857771379585706e-8,1.4568261668696545e-8,1.4800051729833227e-8
1.3335091868331211e-8,1.2746697622701617e-8,1.2808809813181902e-8
7.163840464875924e-9,7.018972518724068e-9,7.032618191645162e-9
1.7714805634398165e-8,1.2892765695553997e-8,1.3335827600578655e-8
1.7394434675082975e-8,1.3942354863864933e-8,1.427851728590193e-8
1.7692566883422517e-8,1.2995953204123918e-8,1.3430170319872478e-8
1.7164658227140602e-8,1.4318357832122046e-8,1.4601558959116541e-8
1.6791469261539083e-8,1.4597090576935153e-8,1.4819993234661052e-8
1.715480394505802e-8,1.4330132061903015e-8,1.4611487361087173e-8
1.5139504543984157e-9,1.4987839455201777e-9,1.5006900189344747e-9
1.64570830134839e-8,1.4650436934955712e-8,1.4835744225287951e-8
1.7408005890998147e-8,1.3912700905464157e-8,1.4252594937228858e-8
1.667546657573208e-8,1.4631189879593026e-8,1.483961265362488e-8
1.7175177081690733e-8,1.4305591851280064e-8,1.4590931717561413e-8
1.7660159951470348e-8,1.3136803931251331e-8,1.3558169939700941e-8
2.148685517442442e-9,1.9657619500725597e-9,1.9848120986138804e-9
1.824603478365477e-9,1.742260713536851e-9,1.7510291860123544e-9
2.232476422251686e-9,1.9858855577254706e-9,2.011052859588781e-9
2.3875879735957077e-9,1.804492413018348e-9,1.859284020448675e-9
1.1843436630971967e-9,1.1579472593504466e-9,1.1599529397254612e-9
2.187447695933327e-9,1.979085130033057e-9,2.0004693679251114e-9
2.375433548977798e-9,1.8450706874773172e-9,1.895803556171947e-9
2.372441879208967e-9,1.8534163091823846e-9,1.903238222356253e-9
1.8190780836837202e-9,1.7377637112709289e-9,1.7465178434411942e-9
2.357373740756051e-9,1.8906618571461427e-9,1.936090010284533e-9
2.3828459376694364e-9,1.8216461097162399e-9,1.8747716172147384e-9
1.9643921627998325e-10,1.9189289214652575e-10,1.9003805146677574e-10
2.350214602373952e-9,1.9049436647980396e-9,1.9486069976831004e-9
2.3297291315099488e-9,1.9369683942720684e-9,1.975898357115644e-9
2.0315517650914096e-9,1.9004513131598885e-9,1.914002548333508e-9
2.3789464482026156e-9,1.8343388635921453e-9,1.8862156276392583e-9
2.3976046736261344e-9,1.7636930272092899e-9,1.8224051760661295e-9
2.382772320755822e-9,1.821575713553785e-9,1.874826759188827e-9
1.621333499346569e-9,1.5645740736516778e-9,1.5715192244081534e-9
2.3926500394112697e-9,1.7848883821028933e-9,1.8416100927808838e-9
4.4614678552187487e-10,4.267077191706416e-10,4.287865198360472e-10
5.897658719155222e-10,4.624917383164873e-10,4.747739197938243e-10
5.856850647984002e-10,4.720654449320707e-10,4.832096997032628e-10
5.034289062316408e-10,4.711069937688094e-10,4.749022897293282e-10
5.738953378080692e-10,4.879737452397053e-10,4.96445208712872e-10
5.710710205028083e-10,4.900143463047034e-10,4.980327037479267e-10
5.906532030032351e-10,4.601325359409301e-10,4.726704652341279e-10
5.621441422879077e-10,4.93498435062486e-10,5.004330312986783e-10
5.657093614845244e-10,4.926203643120541e-10,4.998039497971165e-10
5.78524156903332e-10,4.833581385700224e-10,4.927976952775703e-10
5.758739442526499e-10,4.861537779939338e-10,4.951600986246555e-10
5.825360232446605e-10,4.776712082015299e-10,4.879907643871307e-10
5.302662611019854e-10,4.872734073495336e-10,4.918418985170014e-10
5.950917957008778e-10,4.4512715553416613e-10,4.5914791320412366e-10
4.85662457767453e-10,4.589371813970821e-10,4.6181738700836077e-10
5.030432359742819e-10,4.716082156464978e-10,4.748231191267223e-10
5.648926427687443e-10,4.928964989709797e-10,5.001578484872962e-10
5.851374790275054e-10,4.732990450367443e-10,4.843205537933893e-10
5.78749056533737e-10,4.830615479933996e-10,4.926535024426302e-10
5.787812042656864e-10,4.830473416454836e-10,4.925332220541382e-10
